210,CO-RF-FR-R92B-58,HL Road Frame - Black- 58,NULL,"R ",2003-07-01,NULL
211,CO-RF-FR-R92R-58,HL Road Frame - Red- 58,NULL,"R ",2003-07-01,NULL
212,AC-HE-HL-U509-R,Sport-100 Helmet- Red,12.00,"S ",2011-07-01,2007-12-28
213,AC-HE-HL-U509-R,Sport-100 Helmet- Red,14.00,"S ",2012-07-01,2008-12-27
214,AC-HE-HL-U509-R,Sport-100 Helmet- Red,13.00,"S ",2013-07-01,NULL
215,AC-HE-HL-U509,Sport-100 Helmet- Black,12.00,"S ",2011-07-01,2007-12-28
216,AC-HE-HL-U509,Sport-100 Helmet- Black,14.00,"S ",2012-07-01,2008-12-27
217,AC-HE-HL-U509,Sport-100 Helmet- Black,13.00,"S ",2013-07-01,NULL
218,CL-SO-SO-B909-M,Mountain Bike Socks- M,3.00,"M ",2011-07-01,2007-12-28
219,CL-SO-SO-B909-L,Mountain Bike Socks- L,3.00,"M ",2011-07-01,2007-12-28
220,AC-HE-HL-U509-B,Sport-100 Helmet- Blue,12.00,"S ",2011-07-01,2007-12-28
221,AC-HE-HL-U509-B,Sport-100 Helmet- Blue,14.00,"S ",2012-07-01,2008-12-27
222,AC-HE-HL-U509-B,Sport-100 Helmet- Blue,13.00,"S ",2013-07-01,NULL
223,CL-CA-CA-1098,AWC Logo Cap,6.00,"S ",2011-07-01,2007-12-28
224,CL-CA-CA-1098,AWC Logo Cap,5.00,"S ",2012-07-01,2008-12-27
225,CL-CA-CA-1098,AWC Logo Cap,7.00,"S ",2013-07-01,NULL
226,CL-JE-LJ-0192-S,Long-Sleeve Logo Jersey- S,32.00,"S ",2011-07-01,2007-12-28
227,CL-JE-LJ-0192-S,Long-Sleeve Logo Jersey- S,29.00,"S ",2012-07-01,2008-12-27
228,CL-JE-LJ-0192-S,Long-Sleeve Logo Jersey- S,38.00,"S ",2013-07-01,NULL
229,CL-JE-LJ-0192-M,Long-Sleeve Logo Jersey- M,32.00,"S ",2011-07-01,2007-12-28
230,CL-JE-LJ-0192-M,Long-Sleeve Logo Jersey- M,29.00,"S ",2012-07-01,2008-12-27
231,CL-JE-LJ-0192-M,Long-Sleeve Logo Jersey- M,38.00,"S ",2013-07-01,NULL
232,CL-JE-LJ-0192-L,Long-Sleeve Logo Jersey- L,32.00,"S ",2011-07-01,2007-12-28
233,CL-JE-LJ-0192-L,Long-Sleeve Logo Jersey- L,29.00,"S ",2012-07-01,2008-12-27
234,CL-JE-LJ-0192-L,Long-Sleeve Logo Jersey- L,38.00,"S ",2013-07-01,NULL
235,CL-JE-LJ-0192-X,Long-Sleeve Logo Jersey- XL,32.00,"S ",2011-07-01,2007-12-28
236,CL-JE-LJ-0192-X,Long-Sleeve Logo Jersey- XL,29.00,"S ",2012-07-01,2008-12-27
237,CL-JE-LJ-0192-X,Long-Sleeve Logo Jersey- XL,38.00,"S ",2013-07-01,NULL
238,CO-RF-FR-R92R-62,HL Road Frame - Red- 62,748.00,"R ",2011-07-01,2007-12-28
239,CO-RF-FR-R92R-62,HL Road Frame - Red- 62,722.00,"R ",2012-07-01,2008-12-27
240,CO-RF-FR-R92R-62,HL Road Frame - Red- 62,869.00,"R ",2013-07-01,NULL
241,CO-RF-FR-R92R-44,HL Road Frame - Red- 44,748.00,"R ",2011-07-01,2007-12-28
242,CO-RF-FR-R92R-44,HL Road Frame - Red- 44,722.00,"R ",2012-07-01,2008-12-27
243,CO-RF-FR-R92R-44,HL Road Frame - Red- 44,869.00,"R ",2013-07-01,NULL
244,CO-RF-FR-R92R-48,HL Road Frame - Red- 48,748.00,"R ",2011-07-01,2007-12-28
245,CO-RF-FR-R92R-48,HL Road Frame - Red- 48,722.00,"R ",2012-07-01,2008-12-27
246,CO-RF-FR-R92R-48,HL Road Frame - Red- 48,869.00,"R ",2013-07-01,NULL
247,CO-RF-FR-R92R-52,HL Road Frame - Red- 52,748.00,"R ",2011-07-01,2007-12-28
248,CO-RF-FR-R92R-52,HL Road Frame - Red- 52,722.00,"R ",2012-07-01,2008-12-27
249,CO-RF-FR-R92R-52,HL Road Frame - Red- 52,869.00,"R ",2013-07-01,NULL
250,CO-RF-FR-R92R-56,HL Road Frame - Red- 56,748.00,"R ",2011-07-01,2007-12-28
251,CO-RF-FR-R92R-56,HL Road Frame - Red- 56,722.00,"R ",2012-07-01,2008-12-27
252,CO-RF-FR-R92R-56,HL Road Frame - Red- 56,869.00,"R ",2013-07-01,NULL
253,CO-RF-FR-R38B-58,LL Road Frame - Black- 58,176.00,"R ",2011-07-01,2007-12-28
254,CO-RF-FR-R38B-58,LL Road Frame - Black- 58,170.00,"R ",2012-07-01,2008-12-27
255,CO-RF-FR-R38B-58,LL Road Frame - Black- 58,205.00,"R ",2013-07-01,NULL
256,CO-RF-FR-R38B-60,LL Road Frame - Black- 60,176.00,"R ",2011-07-01,2007-12-28
257,CO-RF-FR-R38B-60,LL Road Frame - Black- 60,170.00,"R ",2012-07-01,2008-12-27
258,CO-RF-FR-R38B-60,LL Road Frame - Black- 60,205.00,"R ",2013-07-01,NULL
259,CO-RF-FR-R38B-62,LL Road Frame - Black- 62,176.00,"R ",2011-07-01,2007-12-28
260,CO-RF-FR-R38B-62,LL Road Frame - Black- 62,170.00,"R ",2012-07-01,2008-12-27
261,CO-RF-FR-R38B-62,LL Road Frame - Black- 62,205.00,"R ",2013-07-01,NULL
262,CO-RF-FR-R38R-44,LL Road Frame - Red- 44,181.00,"R ",2011-07-01,2007-12-28
263,CO-RF-FR-R38R-44,LL Road Frame - Red- 44,187.00,"R ",2012-07-01,2008-12-27
264,CO-RF-FR-R38R-48,LL Road Frame - Red- 48,181.00,"R ",2011-07-01,2007-12-28
265,CO-RF-FR-R38R-48,LL Road Frame - Red- 48,187.00,"R ",2012-07-01,2008-12-27
266,CO-RF-FR-R38R-52,LL Road Frame - Red- 52,181.00,"R ",2011-07-01,2007-12-28
267,CO-RF-FR-R38R-52,LL Road Frame - Red- 52,187.00,"R ",2012-07-01,2008-12-27
268,CO-RF-FR-R38R-58,LL Road Frame - Red- 58,181.00,"R ",2011-07-01,2007-12-28
269,CO-RF-FR-R38R-58,LL Road Frame - Red- 58,187.00,"R ",2012-07-01,2008-12-27
270,CO-RF-FR-R38R-60,LL Road Frame - Red- 60,181.00,"R ",2011-07-01,2007-12-28
271,CO-RF-FR-R38R-60,LL Road Frame - Red- 60,187.00,"R ",2012-07-01,2008-12-27
272,CO-RF-FR-R38R-62,LL Road Frame - Red- 62,181.00,"R ",2011-07-01,2007-12-28
273,CO-RF-FR-R38R-62,LL Road Frame - Red- 62,187.00,"R ",2012-07-01,2008-12-27
274,CO-RF-FR-R72R-44,ML Road Frame - Red- 44,352.00,"R ",2011-07-01,2007-12-28
275,CO-RF-FR-R72R-48,ML Road Frame - Red- 48,352.00,"R ",2011-07-01,2007-12-28
276,CO-RF-FR-R72R-52,ML Road Frame - Red- 52,352.00,"R ",2011-07-01,2007-12-28
277,CO-RF-FR-R72R-58,ML Road Frame - Red- 58,352.00,"R ",2011-07-01,2007-12-28
278,CO-RF-FR-R72R-60,ML Road Frame - Red- 60,352.00,"R ",2011-07-01,2007-12-28
279,CO-RF-FR-R38B-44,LL Road Frame - Black- 44,176.00,"R ",2011-07-01,2007-12-28
280,CO-RF-FR-R38B-44,LL Road Frame - Black- 44,170.00,"R ",2012-07-01,2008-12-27
281,CO-RF-FR-R38B-44,LL Road Frame - Black- 44,205.00,"R ",2013-07-01,NULL
282,CO-RF-FR-R38B-48,LL Road Frame - Black- 48,176.00,"R ",2011-07-01,2007-12-28
283,CO-RF-FR-R38B-48,LL Road Frame - Black- 48,170.00,"R ",2012-07-01,2008-12-27
284,CO-RF-FR-R38B-48,LL Road Frame - Black- 48,205.00,"R ",2013-07-01,NULL
285,CO-RF-FR-R38B-52,LL Road Frame - Black- 52,176.00,"R ",2011-07-01,2007-12-28
286,CO-RF-FR-R38B-52,LL Road Frame - Black- 52,170.00,"R ",2012-07-01,2008-12-27
287,CO-RF-FR-R38B-52,LL Road Frame - Black- 52,205.00,"R ",2013-07-01,NULL
288,CO-MF-FR-M94S-42,HL Mountain Frame - Silver- 42,624.00,"M ",2011-07-01,2007-12-28
289,CO-MF-FR-M94S-42,HL Mountain Frame - Silver- 42,661.00,"M ",2012-07-01,2008-12-27
290,CO-MF-FR-M94S-42,HL Mountain Frame - Silver- 42,747.00,"M ",2013-07-01,NULL
291,CO-MF-FR-M94S-44,HL Mountain Frame - Silver- 44,707.00,"M ",2011-07-01,2007-12-28
292,CO-MF-FR-M94S-52,HL Mountain Frame - Silver- 48,707.00,"M ",2011-07-01,2007-12-28
293,CO-MF-FR-M94S-46,HL Mountain Frame - Silver- 46,624.00,"M ",2011-07-01,2007-12-28
294,CO-MF-FR-M94S-46,HL Mountain Frame - Silver- 46,661.00,"M ",2012-07-01,2008-12-27
295,CO-MF-FR-M94S-46,HL Mountain Frame - Silver- 46,747.00,"M ",2013-07-01,NULL
296,CO-MF-FR-M94B-42,HL Mountain Frame - Black- 42,617.00,"M ",2011-07-01,2007-12-28
297,CO-MF-FR-M94B-42,HL Mountain Frame - Black- 42,654.00,"M ",2012-07-01,2008-12-27
298,CO-MF-FR-M94B-42,HL Mountain Frame - Black- 42,739.00,"M ",2013-07-01,NULL
299,CO-MF-FR-M94B-44,HL Mountain Frame - Black- 44,699.00,"M ",2011-07-01,2007-12-28
300,CO-MF-FR-M94B-48,HL Mountain Frame - Black- 48,699.00,"M ",2011-07-01,2007-12-28
301,CO-MF-FR-M94B-46,HL Mountain Frame - Black- 46,617.00,"M ",2011-07-01,2007-12-28
302,CO-MF-FR-M94B-46,HL Mountain Frame - Black- 46,654.00,"M ",2012-07-01,2008-12-27
303,CO-MF-FR-M94B-46,HL Mountain Frame - Black- 46,739.00,"M ",2013-07-01,NULL
304,CO-MF-FR-M94B-38,HL Mountain Frame - Black- 38,617.00,"M ",2011-07-01,2007-12-28
305,CO-MF-FR-M94B-38,HL Mountain Frame - Black- 38,654.00,"M ",2012-07-01,2008-12-27
306,CO-MF-FR-M94B-38,HL Mountain Frame - Black- 38,739.00,"M ",2013-07-01,NULL
307,CO-MF-FR-M94S-38,HL Mountain Frame - Silver- 38,624.00,"M ",2011-07-01,2007-12-28
308,CO-MF-FR-M94S-38,HL Mountain Frame - Silver- 38,661.00,"M ",2012-07-01,2008-12-27
309,CO-MF-FR-M94S-38,HL Mountain Frame - Silver- 38,747.00,"M ",2013-07-01,NULL
310,BI-RB-BK-R93R-62,Road-150 Red- 62,2171.00,"R ",2011-07-01,2007-12-28
311,BI-RB-BK-R93R-44,Road-150 Red- 44,2171.00,"R ",2011-07-01,2007-12-28
312,BI-RB-BK-R93R-48,Road-150 Red- 48,2171.00,"R ",2011-07-01,2007-12-28
313,BI-RB-BK-R93R-52,Road-150 Red- 52,2171.00,"R ",2011-07-01,2007-12-28
314,BI-RB-BK-R93R-56,Road-150 Red- 56,2171.00,"R ",2011-07-01,2007-12-28
315,BI-RB-BK-R68R-58,Road-450 Red- 58,885.00,"R ",2011-07-01,2007-12-28
316,BI-RB-BK-R68R-60,Road-450 Red- 60,885.00,"R ",2011-07-01,2007-12-28
317,BI-RB-BK-R68R-44,Road-450 Red- 44,885.00,"R ",2011-07-01,2007-12-28
318,BI-RB-BK-R68R-48,Road-450 Red- 48,885.00,"R ",2011-07-01,2007-12-28
319,BI-RB-BK-R68R-52,Road-450 Red- 52,885.00,"R ",2011-07-01,2007-12-28
320,BI-RB-BK-R50R-58,Road-650 Red- 58,413.00,"R ",2011-07-01,2007-12-28
321,BI-RB-BK-R50R-58,Road-650 Red- 58,487.00,"R ",2012-07-01,2008-12-27
322,BI-RB-BK-R50R-60,Road-650 Red- 60,413.00,"R ",2011-07-01,2007-12-28
323,BI-RB-BK-R50R-60,Road-650 Red- 60,487.00,"R ",2012-07-01,2008-12-27
324,BI-RB-BK-R50R-62,Road-650 Red- 62,413.00,"R ",2011-07-01,2007-12-28
325,BI-RB-BK-R50R-62,Road-650 Red- 62,487.00,"R ",2012-07-01,2008-12-27
326,BI-RB-BK-R50R-44,Road-650 Red- 44,413.00,"R ",2011-07-01,2007-12-28
327,BI-RB-BK-R50R-44,Road-650 Red- 44,487.00,"R ",2012-07-01,2008-12-27
328,BI-RB-BK-R50R-48,Road-650 Red- 48,413.00,"R ",2011-07-01,2007-12-28
329,BI-RB-BK-R50R-48,Road-650 Red- 48,487.00,"R ",2012-07-01,2008-12-27
330,BI-RB-BK-R50R-52,Road-650 Red- 52,413.00,"R ",2011-07-01,2007-12-28
331,BI-RB-BK-R50R-52,Road-650 Red- 52,487.00,"R ",2012-07-01,2008-12-27
332,BI-RB-BK-R50B-58,Road-650 Black- 58,413.00,"R ",2011-07-01,2007-12-28
333,BI-RB-BK-R50B-58,Road-650 Black- 58,487.00,"R ",2012-07-01,2008-12-27
334,BI-RB-BK-R50B-60,Road-650 Black- 60,413.00,"R ",2011-07-01,2007-12-28
335,BI-RB-BK-R50B-60,Road-650 Black- 60,487.00,"R ",2012-07-01,2008-12-27
336,BI-RB-BK-R50B-62,Road-650 Black- 62,413.00,"R ",2011-07-01,2007-12-28
337,BI-RB-BK-R50B-62,Road-650 Black- 62,487.00,"R ",2012-07-01,2008-12-27
338,BI-RB-BK-R50B-44,Road-650 Black- 44,413.00,"R ",2011-07-01,2007-12-28
339,BI-RB-BK-R50B-44,Road-650 Black- 44,487.00,"R ",2012-07-01,2008-12-27
340,BI-RB-BK-R50B-48,Road-650 Black- 48,413.00,"R ",2011-07-01,2007-12-28
341,BI-RB-BK-R50B-48,Road-650 Black- 48,487.00,"R ",2012-07-01,2008-12-27
342,BI-RB-BK-R50B-52,Road-650 Black- 52,413.00,"R ",2011-07-01,2007-12-28
343,BI-RB-BK-R50B-52,Road-650 Black- 52,487.00,"R ",2012-07-01,2008-12-27
344,BI-MB-BK-M82S-38,Mountain-100 Silver- 38,1912.00,"M ",2011-07-01,2007-12-28
345,BI-MB-BK-M82S-42,Mountain-100 Silver- 42,1912.00,"M ",2011-07-01,2007-12-28
346,BI-MB-BK-M82S-44,Mountain-100 Silver- 44,1912.00,"M ",2011-07-01,2007-12-28
347,BI-MB-BK-M82S-48,Mountain-100 Silver- 48,1912.00,"M ",2011-07-01,2007-12-28
348,BI-MB-BK-M82B-38,Mountain-100 Black- 38,1898.00,"M ",2011-07-01,2007-12-28
349,BI-MB-BK-M82B-42,Mountain-100 Black- 42,1898.00,"M ",2011-07-01,2007-12-28
350,BI-MB-BK-M82B-44,Mountain-100 Black- 44,1898.00,"M ",2011-07-01,2007-12-28
351,BI-MB-BK-M82B-48,Mountain-100 Black- 48,1898.00,"M ",2011-07-01,2007-12-28
352,BI-MB-BK-M68S-38,Mountain-200 Silver- 38,1118.00,"M ",2012-07-01,2008-12-27
353,BI-MB-BK-M68S-38,Mountain-200 Silver- 38,1266.00,"M ",2013-07-01,NULL
354,BI-MB-BK-M68S-42,Mountain-200 Silver- 42,1118.00,"M ",2012-07-01,2008-12-27
355,BI-MB-BK-M68S-42,Mountain-200 Silver- 42,1266.00,"M ",2013-07-01,NULL
356,BI-MB-BK-M68S-46,Mountain-200 Silver- 46,1118.00,"M ",2012-07-01,2008-12-27
357,BI-MB-BK-M68S-46,Mountain-200 Silver- 46,1266.00,"M ",2013-07-01,NULL
358,BI-MB-BK-M68B-38,Mountain-200 Black- 38,1106.00,"M ",2012-07-01,2008-12-27
359,BI-MB-BK-M68B-38,Mountain-200 Black- 38,1252.00,"M ",2013-07-01,NULL
360,BI-MB-BK-M68B-42,Mountain-200 Black- 42,1106.00,"M ",2012-07-01,2008-12-27
361,BI-MB-BK-M68B-42,Mountain-200 Black- 42,1252.00,"M ",2013-07-01,NULL
362,BI-MB-BK-M68B-46,Mountain-200 Black- 46,1106.00,"M ",2012-07-01,2008-12-27
363,BI-MB-BK-M68B-46,Mountain-200 Black- 46,1252.00,"M ",2013-07-01,NULL
364,BI-MB-BK-M47B-38,Mountain-300 Black- 38,598.00,"M ",2012-07-01,2008-12-27
365,BI-MB-BK-M47B-40,Mountain-300 Black- 40,598.00,"M ",2012-07-01,2008-12-27
366,BI-MB-BK-M47B-44,Mountain-300 Black- 44,598.00,"M ",2012-07-01,2008-12-27
367,BI-MB-BK-M47B-48,Mountain-300 Black- 48,598.00,"M ",2012-07-01,2008-12-27
368,BI-RB-BK-R89R-44,Road-250 Red- 44,1519.00,"R ",2012-07-01,2008-12-27
369,BI-RB-BK-R89R-48,Road-250 Red- 48,1519.00,"R ",2012-07-01,2008-12-27
370,BI-RB-BK-R89R-52,Road-250 Red- 52,1519.00,"R ",2012-07-01,2008-12-27
371,BI-RB-BK-R89R-58,Road-250 Red- 58,1321.00,"R ",2012-07-01,2008-12-27
372,BI-RB-BK-R89R-58,Road-250 Red- 58,1555.00,"R ",2013-07-01,NULL
373,BI-RB-BK-R89B-44,Road-250 Black- 44,1321.00,"R ",2012-07-01,2008-12-27
374,BI-RB-BK-R89B-44,Road-250 Black- 44,1555.00,"R ",2013-07-01,NULL
375,BI-RB-BK-R89B-48,Road-250 Black- 48,1321.00,"R ",2012-07-01,2008-12-27
376,BI-RB-BK-R89B-48,Road-250 Black- 48,1555.00,"R ",2013-07-01,NULL
377,BI-RB-BK-R89B-52,Road-250 Black- 52,1321.00,"R ",2012-07-01,2008-12-27
378,BI-RB-BK-R89B-52,Road-250 Black- 52,1555.00,"R ",2013-07-01,NULL
379,BI-RB-BK-R89B-58,Road-250 Black- 58,1321.00,"R ",2012-07-01,2008-12-27
380,BI-RB-BK-R89B-58,Road-250 Black- 58,1555.00,"R ",2013-07-01,NULL
381,BI-RB-BK-R64Y-38,Road-550-W Yellow- 38,606.00,"R ",2012-07-01,2008-12-27
382,BI-RB-BK-R64Y-38,Road-550-W Yellow- 38,713.00,"R ",2013-07-01,NULL
383,BI-RB-BK-R64Y-40,Road-550-W Yellow- 40,606.00,"R ",2012-07-01,2008-12-27
384,BI-RB-BK-R64Y-40,Road-550-W Yellow- 40,713.00,"R ",2013-07-01,NULL
385,BI-RB-BK-R64Y-42,Road-550-W Yellow- 42,606.00,"R ",2012-07-01,2008-12-27
386,BI-RB-BK-R64Y-42,Road-550-W Yellow- 42,713.00,"R ",2013-07-01,NULL
387,BI-RB-BK-R64Y-44,Road-550-W Yellow- 44,606.00,"R ",2012-07-01,2008-12-27
388,BI-RB-BK-R64Y-44,Road-550-W Yellow- 44,713.00,"R ",2013-07-01,NULL
389,BI-RB-BK-R64Y-48,Road-550-W Yellow- 48,606.00,"R ",2012-07-01,2008-12-27
390,BI-RB-BK-R64Y-48,Road-550-W Yellow- 48,713.00,"R ",2013-07-01,NULL
391,CO-FO-FK-1639,LL Fork,66.00,NULL,2012-07-01,2008-12-27
392,CO-FO-FK-5136,ML Fork,78.00,NULL,2012-07-01,2008-12-27
393,CO-FO-FK-9939,HL Fork,102.00,NULL,2012-07-01,2008-12-27
394,CO-HS-HS-0296,LL Headset,15.00,NULL,2012-07-01,2008-12-27
395,CO-HS-HS-2451,ML Headset,45.00,NULL,2012-07-01,2008-12-27
396,CO-HS-HS-3479,HL Headset,55.00,NULL,2012-07-01,2008-12-27
397,CO-HB-HB-M243,LL Mountain Handlebars,18.00,"M ",2012-07-01,2008-12-27
398,CO-HB-HB-M243,LL Mountain Handlebars,20.00,"M ",2013-07-01,NULL
399,CO-HB-HB-M763,ML Mountain Handlebars,25.00,"M ",2012-07-01,2008-12-27
400,CO-HB-HB-M763,ML Mountain Handlebars,27.00,"M ",2013-07-01,NULL
401,CO-HB-HB-M918,HL Mountain Handlebars,49.00,"M ",2012-07-01,2008-12-27
402,CO-HB-HB-M918,HL Mountain Handlebars,53.00,"M ",2013-07-01,NULL
403,CO-HB-HB-R504,LL Road Handlebars,18.00,"R ",2012-07-01,2008-12-27
404,CO-HB-HB-R504,LL Road Handlebars,20.00,"R ",2013-07-01,NULL
405,CO-HB-HB-R720,ML Road Handlebars,25.00,"R ",2012-07-01,2008-12-27
406,CO-HB-HB-R720,ML Road Handlebars,27.00,"R ",2013-07-01,NULL
407,CO-HB-HB-R956,HL Road Handlebars,49.00,"R ",2012-07-01,2008-12-27
408,CO-HB-HB-R956,HL Road Handlebars,53.00,"R ",2013-07-01,NULL
409,CO-MF-FR-M63B-38,ML Mountain Frame - Black- 38,186.00,"M ",2012-07-01,2008-12-27
410,CO-WH-FW-M423,LL Mountain Front Wheel,27.00,"M ",2012-07-01,2008-12-27
411,CO-WH-FW-M762,ML Mountain Front Wheel,93.00,"M ",2012-07-01,2008-12-27
412,CO-WH-FW-M928,HL Mountain Front Wheel,133.00,"M ",2012-07-01,2008-12-27
413,CO-WH-FW-R623,LL Road Front Wheel,38.00,"R ",2012-07-01,2008-12-27
414,CO-WH-FW-R762,ML Road Front Wheel,110.00,"R ",2012-07-01,2008-12-27
415,CO-WH-FW-R820,HL Road Front Wheel,147.00,"R ",2012-07-01,2008-12-27
416,CO-WH-FW-T905,Touring Front Wheel,97.00,"T ",2012-07-01,2008-12-27
417,CO-RF-FR-R72Y-38,ML Road Frame-W - Yellow- 38,300.00,"R ",2012-07-01,2008-12-27
418,CO-RF-FR-R72Y-38,ML Road Frame-W - Yellow- 38,361.00,"R ",2013-07-01,NULL
419,CO-WH-RW-M423,LL Mountain Rear Wheel,39.00,"M ",2012-07-01,2008-12-27
420,CO-WH-RW-M762,ML Mountain Rear Wheel,105.00,"M ",2012-07-01,2008-12-27
421,CO-WH-RW-M928,HL Mountain Rear Wheel,145.00,"M ",2012-07-01,2008-12-27
422,CO-WH-RW-R623,LL Road Rear Wheel,50.00,"R ",2012-07-01,2008-12-27
423,CO-WH-RW-R762,ML Road Rear Wheel,122.00,"R ",2012-07-01,2008-12-27
424,CO-WH-RW-R820,HL Road Rear Wheel,159.00,"R ",2012-07-01,2008-12-27
425,CO-WH-RW-T905,Touring Rear Wheel,109.00,"T ",2012-07-01,2008-12-27
426,CO-MF-FR-M63B-40,ML Mountain Frame - Black- 40,186.00,"M ",2012-07-01,2008-12-27
427,CO-MF-FR-M63B-44,ML Mountain Frame - Black- 44,186.00,"M ",2012-07-01,2008-12-27
428,CO-MF-FR-M63B-48,ML Mountain Frame - Black- 48,186.00,"M ",2012-07-01,2008-12-27
429,CO-RF-FR-R72Y-40,ML Road Frame-W - Yellow- 40,300.00,"R ",2012-07-01,2008-12-27
430,CO-RF-FR-R72Y-40,ML Road Frame-W - Yellow- 40,361.00,"R ",2013-07-01,NULL
431,CO-RF-FR-R72Y-42,ML Road Frame-W - Yellow- 42,300.00,"R ",2012-07-01,2008-12-27
432,CO-RF-FR-R72Y-42,ML Road Frame-W - Yellow- 42,361.00,"R ",2013-07-01,NULL
433,CO-RF-FR-R72Y-44,ML Road Frame-W - Yellow- 44,300.00,"R ",2012-07-01,2008-12-27
434,CO-RF-FR-R72Y-44,ML Road Frame-W - Yellow- 44,361.00,"R ",2013-07-01,NULL
435,CO-RF-FR-R72Y-48,ML Road Frame-W - Yellow- 48,300.00,"R ",2012-07-01,2008-12-27
436,CO-RF-FR-R72Y-48,ML Road Frame-W - Yellow- 48,361.00,"R ",2013-07-01,NULL
437,CO-RF-FR-R92B-62,HL Road Frame - Black- 62,722.00,"R ",2012-07-01,2008-12-27
438,CO-RF-FR-R92B-62,HL Road Frame - Black- 62,869.00,"R ",2013-07-01,NULL
439,CO-RF-FR-R92B-44,HL Road Frame - Black- 44,722.00,"R ",2012-07-01,2008-12-27
440,CO-RF-FR-R92B-44,HL Road Frame - Black- 44,869.00,"R ",2013-07-01,NULL
441,CO-RF-FR-R92B-48,HL Road Frame - Black- 48,722.00,"R ",2012-07-01,2008-12-27
442,CO-RF-FR-R92B-48,HL Road Frame - Black- 48,869.00,"R ",2013-07-01,NULL
443,CO-RF-FR-R92B-52,HL Road Frame - Black- 52,722.00,"R ",2012-07-01,2008-12-27
444,CO-RF-FR-R92B-52,HL Road Frame - Black- 52,869.00,"R ",2013-07-01,NULL
445,CL-SH-SH-M897-S,Men's Sports Shorts- S,25.00,"S ",2012-07-01,2008-12-27
446,AC-PA-PA-T100,Touring-Panniers- Large,52.00,"T ",2012-07-01,2008-12-27
447,AC-LO-LO-C100,Cable Lock,10.00,"S ",2012-07-01,2008-12-27
448,AC-PU-PU-0452,Minipump,8.00,"S ",2012-07-01,2008-12-27
449,AC-PU-PU-M044,Mountain Pump,10.00,"M ",2012-07-01,2008-12-27
450,AC-LI-LT-T990,Taillights - Battery-Powered,6.00,"R ",2012-07-01,2008-12-27
451,AC-LI-LT-H902,Headlights - Dual-Beam,14.00,"R ",2012-07-01,2008-12-27
452,AC-LI-LT-H903,Headlights - Weatherproof,19.00,"R ",2012-07-01,2008-12-27
453,CL-SH-SH-M897-M,Men's Sports Shorts- M,25.00,"S ",2012-07-01,2008-12-27
454,CL-SH-SH-M897-L,Men's Sports Shorts- L,25.00,"S ",2012-07-01,2008-12-27
455,CL-SH-SH-M897-X,Men's Sports Shorts- XL,25.00,"S ",2012-07-01,2008-12-27
456,CL-TI-TG-W091-S,Women's Tights- S,31.00,"S ",2012-07-01,2008-12-27
457,CL-TI-TG-W091-M,Women's Tights- M,31.00,"S ",2012-07-01,2008-12-27
458,CL-TI-TG-W091-L,Women's Tights- L,31.00,"S ",2012-07-01,2008-12-27
459,CL-BS-SB-M891-S,Men's Bib-Shorts- S,37.00,"S ",2012-07-01,2008-12-27
460,CL-BS-SB-M891-M,Men's Bib-Shorts- M,37.00,"S ",2012-07-01,2008-12-27
461,CL-BS-SB-M891-L,Men's Bib-Shorts- L,37.00,"S ",2012-07-01,2008-12-27
462,CL-GL-GL-H102-S,Half-Finger Gloves- S,10.00,"S ",2012-07-01,2008-12-27
463,CL-GL-GL-H102-S,Half-Finger Gloves- S,9.00,"S ",2013-07-01,NULL
464,CL-GL-GL-H102-M,Half-Finger Gloves- M,10.00,"S ",2012-07-01,2008-12-27
465,CL-GL-GL-H102-M,Half-Finger Gloves- M,9.00,"S ",2013-07-01,NULL
466,CL-GL-GL-H102-L,Half-Finger Gloves- L,10.00,"S ",2012-07-01,2008-12-27
467,CL-GL-GL-H102-L,Half-Finger Gloves- L,9.00,"S ",2013-07-01,NULL
468,CL-GL-GL-F110-S,Full-Finger Gloves- S,16.00,"M ",2012-07-01,2008-12-27
469,CL-GL-GL-F110-M,Full-Finger Gloves- M,16.00,"M ",2012-07-01,2008-12-27
470,CL-GL-GL-F110-L,Full-Finger Gloves- L,16.00,"M ",2012-07-01,2008-12-27
471,CL-VE-VE-C304-S,Classic Vest- S,24.00,"S ",2013-07-01,NULL
472,CL-VE-VE-C304-M,Classic Vest- M,24.00,"S ",2013-07-01,NULL
473,CL-VE-VE-C304-L,Classic Vest- L,24.00,"S ",2013-07-01,NULL
474,CL-SH-SH-W890-S,Women's Mountain Shorts- S,26.00,"M ",2013-07-01,NULL
475,CL-SH-SH-W890-M,Women's Mountain Shorts- M,26.00,"M ",2013-07-01,NULL
476,CL-SH-SH-W890-L,Women's Mountain Shorts- L,26.00,"M ",2013-07-01,NULL
477,AC-BC-WB-H098,Water Bottle - 30 oz.,2.00,"S ",2013-07-01,NULL
478,AC-BC-BC-M005,Mountain Bottle Cage,4.00,"M ",2013-07-01,NULL
479,AC-BC-BC-R205,Road Bottle Cage,3.00,"R ",2013-07-01,NULL
480,AC-TT-PK-7098,Patch Kit/8 Patches,1.00,"S ",2013-07-01,NULL
481,CL-SO-SO-R809-M,Racing Socks- M,3.00,"R ",2013-07-01,NULL
482,CL-SO-SO-R809-L,Racing Socks- L,3.00,"R ",2013-07-01,NULL
483,AC-BR-RA-H123,Hitch Rack - 4-Bike,45.00,"S ",2013-07-01,NULL
484,AC-CL-CL-9009,Bike Wash - Dissolver,3.00,"S ",2013-07-01,NULL
485,AC-FE-FE-6654,Fender Set - Mountain,8.00,"M ",2013-07-01,NULL
486,AC-BS-ST-1401,All-Purpose Bike Stand,59.00,"M ",2013-07-01,NULL
487,AC-HP-HY-1023-70,Hydration Pack - 70 oz.,21.00,"S ",2013-07-01,NULL
488,CL-JE-SJ-0194-S,Short-Sleeve Classic Jersey- S,42.00,"S ",2013-07-01,NULL
489,CL-JE-SJ-0194-M,Short-Sleeve Classic Jersey- M,42.00,"S ",2013-07-01,NULL
490,CL-JE-SJ-0194-L,Short-Sleeve Classic Jersey- L,42.00,"S ",2013-07-01,NULL
491,CL-JE-SJ-0194-X,Short-Sleeve Classic Jersey- XL,42.00,"S ",2013-07-01,NULL
492,CO-TF-FR-T98Y-60,HL Touring Frame - Yellow- 60,602.00,"T ",2013-07-01,NULL
493,CO-TF-FR-T67Y-62,LL Touring Frame - Yellow- 62,200.00,"T ",2013-07-01,NULL
494,CO-TF-FR-T98Y-46,HL Touring Frame - Yellow- 46,602.00,"T ",2013-07-01,NULL
495,CO-TF-FR-T98Y-50,HL Touring Frame - Yellow- 50,602.00,"T ",2013-07-01,NULL
496,CO-TF-FR-T98Y-54,HL Touring Frame - Yellow- 54,602.00,"T ",2013-07-01,NULL
497,CO-TF-FR-T98U-46,HL Touring Frame - Blue- 46,602.00,"T ",2013-07-01,NULL
498,CO-TF-FR-T98U-50,HL Touring Frame - Blue- 50,602.00,"T ",2013-07-01,NULL
499,CO-TF-FR-T98U-54,HL Touring Frame - Blue- 54,602.00,"T ",2013-07-01,NULL
500,CO-TF-FR-T98U-60,HL Touring Frame - Blue- 60,602.00,"T ",2013-07-01,NULL
501,CO-DE-RD-2308,Rear Derailleur,54.00,NULL,2013-07-01,NULL
502,CO-TF-FR-T67U-50,LL Touring Frame - Blue- 50,200.00,"T ",2013-07-01,NULL
503,CO-TF-FR-T67U-54,LL Touring Frame - Blue- 54,200.00,"T ",2013-07-01,NULL
504,CO-TF-FR-T67U-58,LL Touring Frame - Blue- 58,200.00,"T ",2013-07-01,NULL
505,CO-TF-FR-T67U-62,LL Touring Frame - Blue- 62,200.00,"T ",2013-07-01,NULL
506,CO-TF-FR-T67Y-44,LL Touring Frame - Yellow- 44,200.00,"T ",2013-07-01,NULL
507,CO-TF-FR-T67Y-50,LL Touring Frame - Yellow- 50,200.00,"T ",2013-07-01,NULL
508,CO-TF-FR-T67Y-54,LL Touring Frame - Yellow- 54,200.00,"T ",2013-07-01,NULL
509,CO-TF-FR-T67Y-58,LL Touring Frame - Yellow- 58,200.00,"T ",2013-07-01,NULL
510,CO-TF-FR-T67U-44,LL Touring Frame - Blue- 44,200.00,"T ",2013-07-01,NULL
511,CO-MF-FR-M63S-40,ML Mountain Frame-W - Silver- 40,199.00,"M ",2013-07-01,NULL
512,CO-MF-FR-M63S-42,ML Mountain Frame-W - Silver- 42,199.00,"M ",2013-07-01,NULL
513,CO-MF-FR-M63S-46,ML Mountain Frame-W - Silver- 46,199.00,"M ",2013-07-01,NULL
514,CO-BR-RB-9231,Rear Brakes,47.00,NULL,2013-07-01,NULL
515,CO-SA-SE-M236,LL Mountain Seat/Saddle,12.00,"M ",2013-07-01,NULL
516,CO-SA-SE-M798,ML Mountain Seat/Saddle,17.00,"M ",2013-07-01,NULL
517,CO-SA-SE-M940,HL Mountain Seat/Saddle,23.00,"M ",2013-07-01,NULL
518,CO-SA-SE-R581,LL Road Seat/Saddle,12.00,"R ",2013-07-01,NULL
519,CO-SA-SE-R908,ML Road Seat/Saddle,17.00,"T ",2013-07-01,NULL
520,CO-SA-SE-R995,HL Road Seat/Saddle,23.00,"R ",2013-07-01,NULL
521,CO-SA-SE-T312,LL Touring Seat/Saddle,12.00,"T ",2013-07-01,NULL
522,CO-SA-SE-T762,ML Touring Seat/Saddle,17.00,"T ",2013-07-01,NULL
523,CO-SA-SE-T924,HL Touring Seat/Saddle,23.00,"T ",2013-07-01,NULL
524,CO-MF-FR-M21S-42,LL Mountain Frame - Silver- 42,145.00,"M ",2013-07-01,NULL
525,CO-MF-FR-M21S-44,LL Mountain Frame - Silver- 44,145.00,"M ",2013-07-01,NULL
526,CO-MF-FR-M21S-48,LL Mountain Frame - Silver- 48,145.00,"M ",2013-07-01,NULL
527,CO-MF-FR-M21S-52,LL Mountain Frame - Silver- 52,145.00,"M ",2013-07-01,NULL
528,AC-TT-TT-M928,Mountain Tire Tube,2.00,"M ",2013-07-01,NULL
529,AC-TT-TT-R982,Road Tire Tube,1.00,"R ",2013-07-01,NULL
530,AC-TT-TT-T092,Touring Tire Tube,2.00,"T ",2013-07-01,NULL
531,CO-MF-FR-M21B-42,LL Mountain Frame - Black- 42,137.00,"M ",2013-07-01,NULL
532,CO-MF-FR-M21B-44,LL Mountain Frame - Black- 44,137.00,"M ",2013-07-01,NULL
533,CO-MF-FR-M21B-48,LL Mountain Frame - Black- 48,137.00,"M ",2013-07-01,NULL
534,CO-MF-FR-M21B-52,LL Mountain Frame - Black- 52,137.00,"M ",2013-07-01,NULL
535,AC-TT-TI-M267,LL Mountain Tire,9.00,"M ",2013-07-01,NULL
536,AC-TT-TI-M602,ML Mountain Tire,11.00,"M ",2013-07-01,NULL
537,AC-TT-TI-M823,HL Mountain Tire,13.00,"M ",2013-07-01,NULL
538,AC-TT-TI-R092,LL Road Tire,8.00,"R ",2013-07-01,NULL
539,AC-TT-TI-R628,ML Road Tire,9.00,"R ",2013-07-01,NULL
540,AC-TT-TI-R982,HL Road Tire,12.00,"R ",2013-07-01,NULL
541,AC-TT-TI-T723,Touring Tire,11.00,"T ",2013-07-01,NULL
542,CO-PE-PD-M282,LL Mountain Pedal,18.00,"M ",2013-07-01,NULL
543,CO-PE-PD-M340,ML Mountain Pedal,28.00,"M ",2013-07-01,NULL
544,CO-PE-PD-M562,HL Mountain Pedal,36.00,"M ",2013-07-01,NULL
545,CO-PE-PD-R347,LL Road Pedal,18.00,"R ",2013-07-01,NULL
546,CO-PE-PD-R563,ML Road Pedal,28.00,"R ",2013-07-01,NULL
547,CO-PE-PD-R853,HL Road Pedal,36.00,"R ",2013-07-01,NULL
548,CO-PE-PD-T852,Touring Pedal,36.00,"T ",2013-07-01,NULL
549,CO-MF-FR-M63S-38,ML Mountain Frame-W - Silver- 38,199.00,"M ",2013-07-01,NULL
550,CO-MF-FR-M21B-40,LL Mountain Frame - Black- 40,137.00,"M ",2013-07-01,NULL
551,CO-MF-FR-M21S-40,LL Mountain Frame - Silver- 40,145.00,"M ",2013-07-01,NULL
552,CO-DE-FD-2342,Front Derailleur,41.00,NULL,2013-07-01,NULL
553,CO-HB-HB-T721,LL Touring Handlebars,20.00,"T ",2013-07-01,NULL
554,CO-HB-HB-T928,HL Touring Handlebars,41.00,"T ",2013-07-01,NULL
555,CO-BR-FB-9873,Front Brakes,47.00,NULL,2013-07-01,NULL
556,CO-CS-CS-4759,LL Crankset,78.00,NULL,2013-07-01,NULL
557,CO-CS-CS-6583,ML Crankset,114.00,NULL,2013-07-01,NULL
558,CO-CS-CS-9183,HL Crankset,180.00,NULL,2013-07-01,NULL
559,CO-CH-CH-0234,Chain,9.00,NULL,2013-07-01,NULL
560,BI-TB-BK-T44U-60,Touring-2000 Blue- 60,755.00,"T ",2013-07-01,NULL
561,BI-TB-BK-T79Y-46,Touring-1000 Yellow- 46,1482.00,"T ",2013-07-01,NULL
562,BI-TB-BK-T79Y-50,Touring-1000 Yellow- 50,1482.00,"T ",2013-07-01,NULL
563,BI-TB-BK-T79Y-54,Touring-1000 Yellow- 54,1482.00,"T ",2013-07-01,NULL
564,BI-TB-BK-T79Y-60,Touring-1000 Yellow- 60,1482.00,"T ",2013-07-01,NULL
565,BI-TB-BK-T18U-54,Touring-3000 Blue- 54,461.00,"T ",2013-07-01,NULL
566,BI-TB-BK-T18U-58,Touring-3000 Blue- 58,461.00,"T ",2013-07-01,NULL
567,BI-TB-BK-T18U-62,Touring-3000 Blue- 62,461.00,"T ",2013-07-01,NULL
568,BI-TB-BK-T18Y-44,Touring-3000 Yellow- 44,461.00,"T ",2013-07-01,NULL
569,BI-TB-BK-T18Y-50,Touring-3000 Yellow- 50,461.00,"T ",2013-07-01,NULL
570,BI-TB-BK-T18Y-54,Touring-3000 Yellow- 54,461.00,"T ",2013-07-01,NULL
571,BI-TB-BK-T18Y-58,Touring-3000 Yellow- 58,461.00,"T ",2013-07-01,NULL
572,BI-TB-BK-T18Y-62,Touring-3000 Yellow- 62,461.00,"T ",2013-07-01,NULL
573,BI-TB-BK-T79U-46,Touring-1000 Blue- 46,1482.00,"T ",2013-07-01,NULL
574,BI-TB-BK-T79U-50,Touring-1000 Blue- 50,1482.00,"T ",2013-07-01,NULL
575,BI-TB-BK-T79U-54,Touring-1000 Blue- 54,1482.00,"T ",2013-07-01,NULL
576,BI-TB-BK-T79U-60,Touring-1000 Blue- 60,1482.00,"T ",2013-07-01,NULL
577,BI-TB-BK-T44U-46,Touring-2000 Blue- 46,755.00,"T ",2013-07-01,NULL
578,BI-TB-BK-T44U-50,Touring-2000 Blue- 50,755.00,"T ",2013-07-01,NULL
579,BI-TB-BK-T44U-54,Touring-2000 Blue- 54,755.00,"T ",2013-07-01,NULL
580,BI-RB-BK-R79Y-40,Road-350-W Yellow- 40,1083.00,"R ",2013-07-01,NULL
581,BI-RB-BK-R79Y-42,Road-350-W Yellow- 42,1083.00,"R ",2013-07-01,NULL
582,BI-RB-BK-R79Y-44,Road-350-W Yellow- 44,1083.00,"R ",2013-07-01,NULL
583,BI-RB-BK-R79Y-48,Road-350-W Yellow- 48,1083.00,"R ",2013-07-01,NULL
584,BI-RB-BK-R19B-58,Road-750 Black- 58,344.00,"R ",2013-07-01,NULL
585,BI-TB-BK-T18U-44,Touring-3000 Blue- 44,461.00,"T ",2013-07-01,NULL
586,BI-TB-BK-T18U-50,Touring-3000 Blue- 50,461.00,"T ",2013-07-01,NULL
587,BI-MB-BK-M38S-38,Mountain-400-W Silver- 38,420.00,"M ",2013-07-01,NULL
588,BI-MB-BK-M38S-40,Mountain-400-W Silver- 40,420.00,"M ",2013-07-01,NULL
589,BI-MB-BK-M38S-42,Mountain-400-W Silver- 42,420.00,"M ",2013-07-01,NULL
590,BI-MB-BK-M38S-46,Mountain-400-W Silver- 46,420.00,"M ",2013-07-01,NULL
591,BI-MB-BK-M18S-40,Mountain-500 Silver- 40,308.00,"M ",2013-07-01,NULL
592,BI-MB-BK-M18S-42,Mountain-500 Silver- 42,308.00,"M ",2013-07-01,NULL
593,BI-MB-BK-M18S-44,Mountain-500 Silver- 44,308.00,"M ",2013-07-01,NULL
594,BI-MB-BK-M18S-48,Mountain-500 Silver- 48,308.00,"M ",2013-07-01,NULL
595,BI-MB-BK-M18S-52,Mountain-500 Silver- 52,308.00,"M ",2013-07-01,NULL
596,BI-MB-BK-M18B-40,Mountain-500 Black- 40,295.00,"M ",2013-07-01,NULL
597,BI-MB-BK-M18B-42,Mountain-500 Black- 42,295.00,"M ",2013-07-01,NULL
598,BI-MB-BK-M18B-44,Mountain-500 Black- 44,295.00,"M ",2013-07-01,NULL
599,BI-MB-BK-M18B-48,Mountain-500 Black- 48,295.00,"M ",2013-07-01,NULL
600,BI-MB-BK-M18B-52,Mountain-500 Black- 52,295.00,"M ",2013-07-01,NULL
601,CO-BB-BB-7421,LL Bottom Bracket,24.00,NULL,2013-07-01,NULL
602,CO-BB-BB-8107,ML Bottom Bracket,45.00,NULL,2013-07-01,NULL
603,CO-BB-BB-9108,HL Bottom Bracket,54.00,NULL,2013-07-01,NULL
604,BI-RB-BK-R19B-44,Road-750 Black- 44,344.00,"R ",2013-07-01,NULL
605,BI-RB-BK-R19B-48,Road-750 Black- 48,344.00,"R ",2013-07-01,NULL
606,BI-RB-BK-R19B-52,Road-750 Black- 52,344.00,"R ",2013-07-01,NULL
